{"cameraMode":{"drawMode":0,"name":"Shaded","section":"Shading Mode"},"sceneLighting":true,"audioPlay":false,"sceneViewState":{"showFog":true,"showMaterialUpdate":false,"showSkybox":true,"showFlares":true,"showImageEffects":true,"showParticleSystems":true},"in2DMode":false,"pivot":{"x":-3.5182342529296877,"y":8.112632751464844,"z":-5.888956069946289},"rotation":{"x":-0.11673250049352646,"y":0.23077180981636048,"z":-0.027898384258151056,"w":-0.9655815958976746},"size":21.012733459472658,"orthographic":false}