{"cameraMode":{"drawMode":0,"name":"Shaded","section":"Shading Mode"},"sceneLighting":false,"audioPlay":false,"sceneViewState":{"showFog":false,"showMaterialUpdate":false,"showSkybox":false,"showFlares":false,"showImageEffects":false,"showParticleSystems":false},"in2DMode":false,"pivot":{"x":3.2852351665496828,"y":-2.212691307067871,"z":8.028042793273926},"rotation":{"x":0.21353963017463685,"y":0.14070512354373933,"z":-0.03109772503376007,"w":0.966265082359314},"size":13.625361442565918,"orthographic":false}