{"cameraMode":{"drawMode":0,"name":"Shaded","section":"Shading Mode"},"sceneLighting":false,"audioPlay":false,"sceneViewState":{"showFog":false,"showMaterialUpdate":false,"showSkybox":false,"showFlares":false,"showImageEffects":false,"showParticleSystems":false},"in2DMode":false,"pivot":{"x":-4.85543155670166,"y":-2.2685251235961916,"z":61.39244842529297},"rotation":{"x":0.14478744566440583,"y":0.051921408623456958,"z":-0.007608333602547646,"w":0.9880704879760742},"size":12.369317054748536,"orthographic":true}