{"cameraMode":{"drawMode":0,"name":"Shaded","section":"Shading Mode"},"sceneLighting":false,"audioPlay":false,"sceneViewState":{"showFog":false,"showMaterialUpdate":false,"showSkybox":false,"showFlares":false,"showImageEffects":false,"showParticleSystems":false},"in2DMode":false,"pivot":{"x":0.0004742145538330078,"y":1.0951263904571534,"z":0.003872513771057129},"rotation":{"x":0.03389148414134979,"y":0.012592839077115059,"z":-0.0004286463954485953,"w":0.9993506073951721},"size":4.3760199546813969,"orthographic":true}