{"cameraMode":{"drawMode":0,"name":"Shaded","section":"Shading Mode"},"sceneLighting":false,"audioPlay":false,"sceneViewState":{"showFog":false,"showMaterialUpdate":false,"showSkybox":false,"showFlares":false,"showImageEffects":false,"showParticleSystems":false},"in2DMode":false,"pivot":{"x":0.5042009353637695,"y":3.642014503479004,"z":9.073553085327149},"rotation":{"x":0.15773959457874299,"y":0.0005926585872657597,"z":-0.00009617094474378973,"w":0.9874845147132874},"size":8.933837890625,"orthographic":true}