{"cameraMode":{"drawMode":0,"name":"Shaded","section":"Shading Mode"},"sceneLighting":false,"audioPlay":false,"sceneViewState":{"showFog":false,"showMaterialUpdate":false,"showSkybox":false,"showFlares":false,"showImageEffects":false,"showParticleSystems":false},"in2DMode":false,"pivot":{"x":-0.45377278327941897,"y":2.531095027923584,"z":0.21569156646728517},"rotation":{"x":-0.3950642943382263,"y":-0.11418753117322922,"z":0.049561940133571628,"w":-0.9101852178573608},"size":3.1840667724609377,"orthographic":false}