{"cameraMode":{"drawMode":0,"name":"Shaded","section":"Shading Mode"},"sceneLighting":false,"audioPlay":false,"sceneViewState":{"showFog":false,"showMaterialUpdate":false,"showSkybox":false,"showFlares":false,"showImageEffects":false,"showParticleSystems":false},"in2DMode":false,"pivot":{"x":-9.47299861907959,"y":11.526995658874512,"z":-8.255053520202637},"rotation":{"x":0.2184356153011322,"y":-0.12258294969797135,"z":0.027669476345181466,"w":0.9677264094352722},"size":8.722649574279786,"orthographic":true}