{"cameraMode":{"drawMode":0,"name":"Shaded","section":"Shading Mode"},"sceneLighting":false,"audioPlay":false,"sceneViewState":{"showFog":false,"showMaterialUpdate":false,"showSkybox":false,"showFlares":false,"showImageEffects":false,"showParticleSystems":false},"in2DMode":false,"pivot":{"x":1.5850000381469727,"y":0.42687416076660159,"z":-0.1679999828338623},"rotation":{"x":0.03389148414134979,"y":0.012592839077115059,"z":-0.0004286463954485953,"w":0.9993506073951721},"size":0.8850316405296326,"orthographic":true}