{"cameraMode":{"drawMode":0,"name":"Shaded","section":"Shading Mode"},"sceneLighting":false,"audioPlay":false,"sceneViewState":{"showFog":false,"showMaterialUpdate":false,"showSkybox":false,"showFlares":false,"showImageEffects":false,"showParticleSystems":false},"in2DMode":false,"pivot":{"x":-3.897658109664917,"y":2.1576695442199709,"z":13.808893203735352},"rotation":{"x":0.15240377187728883,"y":0.0014824368990957738,"z":-0.00022859705495648086,"w":0.988318145275116},"size":7.034233570098877,"orthographic":true}