{"cameraMode":{"drawMode":0,"name":"Shaded","section":"Shading Mode"},"sceneLighting":false,"audioPlay":false,"sceneViewState":{"showFog":false,"showMaterialUpdate":false,"showSkybox":false,"showFlares":false,"showImageEffects":false,"showParticleSystems":false},"in2DMode":false,"pivot":{"x":-6.92954158782959,"y":20.210590362548829,"z":-23.477706909179689},"rotation":{"x":0.25604498386383059,"y":0.14348341524600984,"z":-0.038462620228528979,"w":0.9551876783370972},"size":9.368002891540528,"orthographic":true}